login,name,password
login1,name1,password1
login2,name2,password2
login3,name3,password3
login4,name4,password4
login5,name5,password5
login6,name6,password6
login7,name7,password7
login8,name8,password8
login9,name9,password9
login10,name10,password10
login11,name11,password11
login12,name12,password12
login13,name13,password13
login14,name14,password14
login15,name15,password15
login16,name16,password16
login17,name17,password17
login18,name18,password18
login19,name19,password19
login20,name20,password20
login21,name21,password21
login22,name22,password22
login23,name23,password23
login24,name24,password24
login25,name25,password25
login26,name26,password26
login27,name27,password27
login28,name28,password28
login29,name29,password29
login30,name30,password30
login31,name31,password31
login32,name32,password32
login33,name33,password33
login34,name34,password34
login35,name35,password35
login36,name36,password36
login37,name37,password37
login38,name38,password38
login39,name39,password39
login40,name40,password40
login41,name41,password41
login42,name42,password42
login43,name43,password43
login44,name44,password44
login45,name45,password45
login46,name46,password46
login47,name47,password47
login48,name48,password48
login49,name49,password49
login50,name50,password50
